{
  "hash": "68bae8cb",
  "configHash": "33be4b83",
  "lockfileHash": "9b697ab0",
  "browserHash": "a7462865",
  "optimized": {
    "@angular/common": {
      "src": "../../../../../../node_modules/@angular/common/fesm2022/common.mjs",
      "file": "@angular_common.js",
      "fileHash": "45c62eb7",
      "needsInterop": false
    },
    "@angular/common/http": {
      "src": "../../../../../../node_modules/@angular/common/fesm2022/http.mjs",
      "file": "@angular_common_http.js",
      "fileHash": "81f216f5",
      "needsInterop": false
    },
    "@angular/core": {
      "src": "../../../../../../node_modules/@angular/core/fesm2022/core.mjs",
      "file": "@angular_core.js",
      "fileHash": "6b41e5f4",
      "needsInterop": false
    },
    "@angular/platform-browser": {
      "src": "../../../../../../node_modules/@angular/platform-browser/fesm2022/platform-browser.mjs",
      "file": "@angular_platform-browser.js",
      "fileHash": "da84f29d",
      "needsInterop": false
    },
    "@angular/router": {
      "src": "../../../../../../node_modules/@angular/router/fesm2022/router.mjs",
      "file": "@angular_router.js",
      "fileHash": "b4e01441",
      "needsInterop": false
    },
    "@angular/forms": {
      "src": "../../../../../../node_modules/@angular/forms/fesm2022/forms.mjs",
      "file": "@angular_forms.js",
      "fileHash": "083bd62e",
      "needsInterop": false
    }
  },
  "chunks": {
    "chunk-5J6IIMYC": {
      "file": "chunk-5J6IIMYC.js"
    },
    "chunk-OXKQB3TE": {
      "file": "chunk-OXKQB3TE.js"
    },
    "chunk-KSXU6XDB": {
      "file": "chunk-KSXU6XDB.js"
    },
    "chunk-QUW5EQHX": {
      "file": "chunk-QUW5EQHX.js"
    }
  }
}